ID,smoking_prediction
27358,1
27364,1
27368,1
27378,0
27381,0
27386,0
27388,0
27393,0
27406,0
27417,1
27418,0
27419,1
27421,1
27425,1
27431,0
27439,0
27442,0
27452,1
27459,1
27461,1
27465,0
27466,0
27467,1
27473,1
27476,0
27477,1
27485,1
27487,1
27488,1
27497,0
27505,1
27508,1
27509,1
27511,0
27515,0
27519,0
27528,1
27533,0
27537,1
27543,1
27548,1
27552,0
27553,0
27559,1
27561,0
27565,0
27567,0
27577,0
27579,0
27586,1
27587,0
27591,0
27594,0
27619,1
27622,0
27628,0
27629,1
27637,0
27642,0
27645,0
27654,1
27666,1
27668,0
27669,1
27672,0
27682,1
27683,1
27688,0
27693,0
27694,0
27695,0
27700,0
27702,0
27706,0
27710,0
27725,1
27728,0
27729,0
27730,1
27731,1
27733,1
27734,1
27739,1
27746,0
27751,0
27760,0
27761,0
27766,0
27771,1
27772,1
27781,0
27794,0
27797,0
27798,1
27803,1
27814,0
27821,0
27835,0
27838,0
27850,0
27854,1
27862,0
27865,1
27866,0
27868,1
27877,0
27885,1
27888,1
27890,1
27893,0
27894,0
27903,0
27910,0
27914,0
27926,0
27930,1
27932,0
27936,0
27944,1
27948,0
27956,1
27963,1
27966,1
27971,1
27977,1
27983,1
27986,0
27994,0
27996,1
28001,1
28009,0
28014,0
28018,0
28028,0
28033,0
28040,0
28041,0
28044,0
28045,0
28057,0
28063,0
28066,1
28071,0
28076,0
28080,0
28096,1
28101,0
28115,1
28122,1
28125,0
28130,1
28131,1
28144,1
28150,0
28153,0
28154,1
28158,0
28168,0
28172,1
28178,1
28197,0
28203,0
28209,0
28221,1
28226,1
28227,0
28228,0
28232,0
28236,0
28241,0
28249,1
28253,0
28254,0
28255,0
28266,0
28267,1
28268,0
28280,0
28288,1
28296,0
28298,1
28304,1
28313,1
28331,0
28333,1
28335,1
28336,1
28339,1
28342,0
28351,0
28360,0
28364,0
28372,1
28373,0
28374,1
28388,0
28399,0
28408,1
28409,0
28412,1
28413,1
28421,0
28424,1
28427,1
28429,0
28441,1
28443,0
28447,1
28448,0
28449,0
28451,0
28454,1
28456,0
28457,0
28468,1
28474,0
28476,0
28478,0
28479,0
28482,0
28488,0
28489,1
28490,0
28495,1
28497,0
28502,1
28512,0
28517,0
28519,0
28527,0
28528,1
28532,0
28539,0
28540,1
28546,0
28561,1
28570,0
28576,1
28584,0
28591,0
28597,0
28600,1
28614,1
28616,1
28621,1
28628,1
28631,1
28636,0
28644,0
28649,0
28652,0
28653,1
28654,0
28659,0
28663,0
28664,0
28669,0
28670,0
28671,0
28672,0
28677,1
28679,0
28682,0
28684,0
28687,0
28689,0
28690,0
28692,1
28695,1
28701,0
28703,0
28712,1
28713,0
28714,1
28717,0
28723,0
28727,0
28733,0
28737,1
28741,0
28745,0
28746,0
28750,0
28753,0
28766,0
28779,1
28787,1
28791,0
28796,0
28800,0
28801,0
28803,0
28812,1
28817,0
28823,0
28825,1
28827,0
28841,1
28856,0
28862,0
28863,1
28868,0
28873,1
28879,1
28881,0
28884,1
28886,1
28888,0
28893,0
28895,1
28897,0
28901,0
28906,0
28916,0
28918,1
28921,0
28922,1
28926,1
28929,0
28936,0
28938,1
28941,1
28949,1
28956,0
28958,0
28963,1
28966,0
28976,1
28979,1
28992,0
28993,1
28996,0
29002,1
29013,1
29020,0
29023,0
29027,0
29029,0
29047,1
29050,1
29055,0
29056,0
29058,0
29061,0
29063,0
29065,1
29073,1
29077,0
29090,0
29102,1
29107,0
29112,0
29124,1
29131,1
29133,0
29142,0
29143,0
29148,0
29162,0
29174,0
29182,1
29185,0
29186,1
29192,1
29196,0
29200,0
29203,1
29210,0
29214,0
29219,0
29229,1
29230,0
29233,1
29247,1
29248,0
29252,1
29261,0
29263,0
29269,0
29270,0
29273,0
29278,0
29280,0
29285,1
29290,1
29291,1
29297,0
29307,1
29313,0
29319,0
29322,0
29330,0
29335,1
29341,0
29342,0
29351,1
29352,0
29357,0
29363,1
29367,0
29368,0
29370,1
29372,0
29380,0
29384,1
29393,0
29400,0
29403,0
29413,1
29420,1
29432,1
29439,0
29441,0
29444,0
29445,0
29446,1
29447,0
29452,0
29453,0
29456,0
29457,1
29466,1
29472,0
29477,1
29491,1
29493,1
29509,0
29511,0
29513,0
29514,0
29518,1
29519,0
29521,0
29524,1
29531,0
29544,1
29547,0
29552,0
29559,0
29565,0
29568,1
29569,0
29570,0
29573,0
29575,0
29579,0
29580,0
29590,0
29591,0
29597,0
29601,1
29603,1
29606,0
29607,1
29608,1
29610,0
29613,0
29617,0
29620,1
29625,0
29631,1
29632,0
29633,0
29642,0
29652,0
29665,0
29668,0
29674,1
29685,0
29686,1
29687,1
29697,1
29699,0
29702,0
29706,0
29707,0
29710,1
29714,0
29722,0
29729,0
29730,1
29737,0
29738,0
29745,0
29759,0
29771,1
29772,0
29779,0
29780,0
29785,0
29789,1
29795,1
29804,0
29809,1
29813,0
29816,0
29818,0
29820,0
29821,0
29832,1
29833,0
29841,0
29842,0
29868,1
29871,0
29876,0
29878,0
29887,0
29889,0
29896,0
29898,0
29900,0
29901,0
29904,1
29905,0
29910,1
29915,0
29930,0
29943,0
29949,0
29953,1
29954,1
29958,0
29960,1
29962,1
29971,0
29972,0
29973,0
29974,0
29975,0
29977,0
29980,0
29983,1
29990,0
29991,0
30000,0
30003,0
30006,1
30009,0
30017,1
30029,0
30030,0
30031,1
30037,0
30039,1
30044,1
30057,0
30072,1
30089,0
30097,0
30098,0
30101,1
30108,1
30110,0
30112,1
30113,0
30114,0
30117,0
30120,0
30124,0
30125,0
30129,0
30131,1
30136,1
30140,0
30153,0
30157,0
30165,0
30174,0
30176,1
30185,1
30201,1
30206,0
30215,1
30216,0
30218,0
30222,0
30229,0
30237,0
30239,0
30241,1
30247,0
30250,0
30251,0
30253,0
30254,0
30258,1
30271,0
30272,0
30275,0
30294,1
30299,1
30302,0
30314,0
30318,0
30335,0
30347,0
30349,0
30350,1
30352,1
30353,1
30354,0
30365,1
30369,0
30370,1
30374,1
30382,1
30388,1
30391,1
30394,1
30422,1
30423,0
30426,0
30430,1
30434,0
30440,0
30442,0
30445,1
30447,1
30448,1
30457,1
30460,0
30465,0
30474,1
30476,0
30492,0
30496,1
30498,0
30499,1
30507,1
30510,0
30512,0
30515,0
30523,0
30530,0
30537,0
30538,0
30539,0
30548,0
30554,1
30562,0
30564,0
30569,1
30577,1
30578,0
30583,0
30584,0
30590,0
30600,1
30604,0
30618,0
30627,0
30628,0
30632,1
30633,0
30634,0
30635,1
30639,1
30643,0
30645,1
30652,0
30657,1
30670,0
30673,1
30674,0
30676,0
30677,1
30678,1
30680,0
30683,0
30686,1
30689,1
30697,1
30704,1
30715,0
30726,1
30729,1
30733,1
30735,0
30736,0
30738,1
30743,0
30749,1
30750,0
30758,1
30763,0
30773,1
30774,0
30776,0
30784,0
30785,1
30798,0
30805,0
30810,0
30812,0
30820,1
30822,0
30825,0
30830,0
30838,1
30842,1
30849,0
30850,0
30851,0
30856,0
30860,0
30862,1
30867,0
30869,0
30872,0
30879,0
30882,1
30888,0
30905,1
30926,1
30927,0
30936,1
30937,1
30939,0
30953,1
30954,1
30956,1
30960,0
30967,1
30968,0
30991,0
30995,0
30998,1
31001,0
31002,0
31010,0
31014,1
31027,0
31031,0
31035,0
31039,0
31043,1
31044,1
31049,0
31055,0
31060,0
31061,0
31062,0
31064,1
31076,1
31079,0
31080,1
31090,0
31094,0
31102,0
31108,0
31109,0
31113,1
31122,0
31127,1
31128,0
31134,0
31137,0
31138,0
31139,0
31142,1
31151,0
31155,0
31156,1
31163,0
31164,1
31173,1
31175,0
31182,0
31184,0
31188,0
31190,0
31191,1
31192,0
31194,1
31203,1
31211,1
31212,0
31214,1
31223,0
31225,1
31226,1
31227,0
31241,0
31250,1
31252,0
31254,1
31261,0
31263,0
31266,1
31267,1
31269,0
31271,0
31282,0
31291,0
31292,0
31298,0
31302,1
31307,0
31308,0
31309,0
31310,1
31311,0
31316,1
31321,1
31322,0
31329,0
31332,0
31333,1
31335,1
31336,0
31341,0
31342,1
31345,0
31350,1
31351,0
31354,1
31363,0
31364,0
31366,0
31372,1
31377,0
31382,0
31395,0
31396,0
31399,1
31401,0
31418,1
31421,1
31434,0
31435,0
31436,1
31446,0
31450,0
31455,0
31462,0
31463,0
31464,0
31475,1
31488,0
31489,0
31490,0
31493,0
31505,0
31510,1
31511,1
31522,0
31524,1
31534,0
31538,0
31539,0
31545,1
31548,1
31554,0
31555,0
31556,0
31558,1
31560,1
31562,0
31571,0
31583,0
31587,1
31592,0
31595,1
31602,1
31605,0
31607,1
31610,1
31613,0
31627,1
31628,0
31629,1
31634,0
31636,1
31639,1
31640,1
31654,0
31660,1
31669,0
31672,0
31684,1
31692,0
31693,1
31698,0
31701,1
31706,0
31712,1
31716,0
31718,0
31719,0
31720,0
31730,0
31739,0
31746,1
31750,0
31752,0
31756,1
31761,0
31762,0
31765,0
31771,0
31772,0
31773,1
31778,1
31783,0
31796,1
31798,1
31802,0
31804,0
31805,1
31808,0
31811,0
31813,1
31814,0
31820,0
31824,0
31828,0
31832,0
31840,1
31845,1
31856,1
31871,0
31879,0
31881,0
31886,0
31897,1
31910,1
31911,1
31914,0
31918,0
31923,0
31943,0
31954,1
31958,0
31959,1
31961,0
31970,0
31971,0
31974,0
31975,0
31978,0
31981,1
31982,1
31988,0
32000,1
32001,0
32003,0
32006,0
32019,1
32020,1
32024,0
32025,0
32029,0
32034,0
32036,1
32048,0
32067,0
32078,1
32086,0
32092,0
32095,1
32100,0
32115,1
32120,0
32131,0
32132,0
32133,0
32135,0
32136,1
32142,0
32145,0
32146,1
32166,0
32174,0
32181,1
32186,0
32188,0
32190,1
32196,1
32207,1
32216,0
32217,1
32219,0
32237,1
32252,0
32253,0
32272,1
32273,0
32277,0
32283,0
32284,0
32287,0
32289,0
32291,0
32296,0
32311,0
32317,0
32333,1
32350,0
32354,0
32355,0
32368,0
32372,1
32373,0
32374,1
32375,0
32384,1
32385,1
32391,1
32405,1
32408,1
32409,0
32415,1
32419,0
32423,0
32426,0
32431,1
32440,1
32441,0
32446,1
32447,0
32451,1
32457,0
32460,0
32461,0
32465,0
32468,0
32474,0
32476,0
32477,0
32482,0
32485,0
32488,0
32505,1
32506,1
32512,0
32518,1
32523,1
32537,0
32544,1
32551,1
32552,0
32555,0
32578,1
32579,1
32599,1
32603,1
32622,0
32623,0
32628,1
32638,0
32643,0
32649,1
32658,0
32659,0
32668,0
32670,1
32678,1
32682,1
32694,1
32696,1
32697,1
32705,1
32707,0
32708,1
32710,1
32711,0
32719,1
32746,1
32749,1
32755,0
32758,0
32760,0
32762,0
32765,1
32769,0
32771,1
32779,1
32784,0
32790,1
32792,0
32802,0
32810,1
32813,1
32815,1
32821,0
32822,1
32825,0
32829,0
32830,0
32833,0
32835,0
32851,0
32863,1
32866,1
32868,0
32870,0
32877,1
32888,0
32892,0
32900,0
32919,0
32928,0
32931,1
32932,0
32939,1
32942,1
32946,0
32956,1
32957,0
32965,0
32970,0
32974,0
32976,1
32979,1
32980,1
32995,1
33001,1
33008,1
33019,0
33022,1
33025,1
33031,1
33041,0
33042,1
33044,0
33050,0
33051,1
33053,0
33057,0
33062,1
33068,1
33073,1
33078,0
33091,1
33097,1
33111,0
33112,0
33117,1
33137,0
33140,0
33141,1
33142,0
33148,0
33153,0
33164,0
33174,1
33181,0
33182,1
33184,0
33186,1
33205,0
33208,0
33210,1
33215,1
33223,0
33239,0
33245,0
33247,0
33253,1
33264,0
33272,0
33283,1
33284,0
33287,0
33319,0
33322,0
33327,1
33328,0
33339,1
33343,1
33346,1
33356,1
33359,0
33361,0
33367,0
33375,1
33376,1
33406,0
33429,0
33434,0
33441,0
33443,0
33450,0
33458,1
33460,1
33470,1
33471,0
33473,1
33487,0
33493,1
33496,1
33506,0
33510,0
33516,0
33521,1
33528,0
33529,1
33539,0
33541,1
33546,0
33548,0
33552,0
33554,0
33556,1
33560,1
33563,0
33570,0
33571,0
33573,0
33576,0
33584,1
33588,1
33595,0
33604,1
33615,1
33616,1
33626,1
33627,1
33630,1
33631,1
33632,1
33634,0
33636,0
33639,1
33641,1
33648,1
33653,1
33654,1
33660,0
33661,0
33662,1
33663,0
33682,0
33683,1
33685,0
33689,0
33690,0
33696,0
33720,1
33721,1
33723,0
33725,0
33731,0
33732,0
33733,0
33735,0
33743,1
33748,0
33750,1
33756,1
33758,1
33759,0
33763,0
33765,0
33773,0
33775,1
33777,0
33793,0
33795,0
33799,1
33801,0
33803,0
33804,0
33820,0
33821,0
33829,1
33837,0
33838,0
33840,0
33849,1
33853,0
33858,1
33865,1
33880,1
33881,0
33885,1
33890,0
33892,1
33896,1
33901,1
33903,1
33905,1
33907,1
33917,1
33918,0
33920,1
33934,0
33935,1
33939,0
33949,1
33953,1
33956,0
33965,0
33971,1
33972,1
33986,0
33987,0
33992,0
33995,1
33999,0
34001,1
34008,1
34011,0
34019,1
34022,0
34036,0
34038,1
34043,0
34047,0
34054,0
34056,1
34060,0
34063,0
34086,0
34088,0
34094,1
34095,1
34105,1
34108,0
34124,0
34129,0
34130,0
34143,0
34146,0
34151,1
34155,0
34160,1
34161,0
34165,0
34166,1
34172,0
34175,1
34176,1
34177,0
34179,1
34182,1
34183,1
34185,0
34191,0
34199,0
34206,1
34216,0
34221,0
34224,1
34226,1
34227,0
34253,1
34254,1
34255,0
34259,0
34267,0
34274,0
34283,0
34287,1
34289,0
34290,1
34292,1
34294,1
34296,0
34301,1
34313,1
34322,0
34333,0
34346,0
34349,0
34350,0
34351,1
34352,1
34355,0
34361,1
34362,0
34364,1
34366,1
34371,0
34375,0
34381,0
34383,1
34386,0
34388,1
34391,1
34401,1
34406,0
34411,0
34418,0
34419,0
34420,0
34425,1
34429,0
34432,0
34436,1
34438,0
34445,0
34446,0
34457,0
34459,1
34462,1
34467,1
34469,1
34472,0
34473,1
34476,0
34480,1
34482,1
34484,0
34488,1
34490,0
34502,0
34510,0
34513,1
34519,0
34522,0
34530,0
34537,0
34542,0
34544,0
34545,0
34549,0
34551,0
34560,0
34562,1
34567,0
34573,0
34574,0
34575,1
34584,0
34586,1
34590,1
34610,0
34625,1
34632,0
34634,0
34638,1
34646,0
34654,1
34657,1
34660,0
34668,1
34671,1
34672,1
34673,0
34674,0
34681,0
34682,0
34687,0
34689,1
34707,1
34714,0
34715,0
34717,1
34719,0
34721,0
34724,0
34728,0
34734,0
34736,1
34737,1
34739,1
34742,0
34745,1
34748,0
34750,1
34761,0
34766,1
34767,1
34771,1
34774,1
34778,0
34782,0
34783,1
34787,1
34792,1
34796,1
34797,0
34798,1
34808,0
34824,1
34826,1
34829,1
34830,1
34833,0
34835,0
34839,0
34843,0
34848,1
34853,1
34856,0
34864,1
34865,0
34869,0
34877,1
34894,1
34900,0
34906,0
34910,0
34911,1
34916,0
34917,0
34921,1
34922,0
34927,1
34929,0
34934,0
34944,0
34950,0
34955,0
34966,0
34970,0
34977,0
34978,0
34989,0
34992,1
34995,0
35012,0
35018,0
35027,0
35028,0
35029,1
35030,1
35035,0
35036,1
35037,0
35042,1
35047,0
35048,0
35051,1
35056,0
35057,1
35058,0
35059,0
35063,1
35067,1
35074,1
35075,0
35082,0
35087,1
35094,0
35097,1
35098,0
35100,0
35101,1
35108,0
35112,0
35123,0
35126,0
35127,0
35139,0
35144,0
35145,0
35155,0
35157,1
35159,0
35163,0
35168,1
35171,0
35172,0
35174,0
35184,0
35191,1
35199,1
35208,0
35212,0
35227,0
35231,0
35234,1
35242,1
35248,1
35251,0
35253,0
35264,0
35271,1
35275,1
35276,0
35279,1
35281,1
35288,1
35289,0
35301,1
35303,1
35309,0
35312,0
35324,1
35337,0
35343,0
35353,0
35354,0
35355,0
35360,1
35361,0
35369,1
35371,0
35373,0
35374,1
35378,0
35379,1
35381,0
35383,0
35385,0
35389,0
35393,1
35396,0
35402,0
35405,0
35406,1
35415,1
35419,0
35425,0
35431,0
35433,1
35435,0
35436,0
35438,0
35441,0
35443,0
35446,0
35451,0
35455,1
35456,1
35457,0
35461,1
35470,0
35479,0
35482,1
35484,0
35485,0
35486,1
35489,1
35495,1
35508,0
35518,0
35525,1
35527,0
35534,1
35538,0
35539,0
35540,0
35542,1
35545,1
35551,1
35553,1
35557,1
35558,1
35570,0
35574,0
35576,1
35577,1
35580,0
35583,0
35586,0
35590,0
35591,0
35595,1
35603,0
35607,0
35610,0
35611,1
35623,1
35627,1
35632,0
35633,0
35634,1
35635,1
35637,1
35647,1
35654,1
35661,0
35665,0
35666,0
35668,1
35669,0
35683,0
35704,0
35713,0
35718,0
35722,0
35723,0
35726,1
35727,1
35731,0
35733,1
35738,0
35744,0
35747,1
35752,1
35761,0
35773,1
35781,0
35783,0
35784,1
35793,0
35794,0
35796,0
35799,0
35801,0
35805,0
35811,1
35814,1
35821,0
35840,0
35846,0
35847,1
35868,0
35871,1
35875,1
35876,0
35878,1
35885,0
35902,1
35905,1
35907,1
35924,0
35931,0
35932,1
35944,1
35952,1
35954,0
35964,0
35972,0
35973,0
35976,0
35980,0
35981,0
35992,1
35994,1
36001,0
36007,0
36025,0
36032,0
36037,0
36041,0
36048,1
36053,0
36054,0
36060,0
36063,0
36066,0
36071,0
36077,0
36080,0
36084,0
36093,1
36098,0
36109,1
36111,1
36114,1
36121,0
36129,0
36144,0
36145,1
36149,1
36150,0
36152,0
36160,1
36163,0
36167,0
36169,1
36170,1
36174,0
36176,0
36177,1
36180,0
36190,1
36198,1
36209,0
36211,1
36213,0
36219,0
36221,1
36240,0
36244,0
36260,0
36273,0
36276,0
36284,0
36301,1
36305,1
36307,0
36308,1
36309,0
36316,0
36325,0
36330,0
36331,1
36333,0
36335,0
36336,0
36337,1
36346,1
36353,1
36356,0
36359,1
36369,1
36384,1
36391,1
36395,0
36397,0
36401,0
36404,0
36409,1
36416,0
36421,0
36429,1
36431,0
36434,0
36451,0
36455,0
36460,0
36470,0
36471,1
36476,0
36480,1
36487,0
36488,1
36496,0
36499,0
36504,1
36516,0
36518,1
36521,1
36523,1
36528,1
36534,1
36548,0
36559,1
36573,1
36576,0
36578,0
36584,0
36599,0
36602,0
36615,0
36617,0
36633,1
36635,0
36639,0
36640,1
36653,0
36656,1
36658,1
36660,0
36675,0
36677,0
36683,0
36684,0
36688,0
36689,1
36691,1
36693,0
36694,0
36704,1
36719,1
36730,0
36735,0
36745,0
36749,1
36751,1
36757,1
36763,0
36768,1
36770,1
36782,1
36793,0
36794,0
36797,0
36799,0
36811,1
36826,0
36828,1
36843,0
36846,0
36847,1
36857,0
36858,1
36859,0
36873,0
36874,1
36879,0
36880,1
36883,0
36885,1
36888,0
36889,0
36892,1
36897,0
36902,0
36907,0
36916,0
36920,0
36922,0
36924,0
36925,1
36926,1
36927,1
36929,0
36937,0
36939,0
36947,1
36951,0
36952,1
36953,0
36960,0
36968,0
36975,0
36979,1
36985,1
36991,1
36992,0
36993,0
37005,0
37022,0
37025,0
37031,0
37037,0
37038,1
37039,1
37048,0
37051,0
37053,0
37056,0
37057,0
37063,0
37066,1
37067,0
37074,0
37075,1
37078,0
37083,1
37084,0
37085,1
37090,1
37111,1
37114,0
37115,1
37126,0
37128,1
37137,0
37144,1
37148,0
37154,0
37156,0
37159,0
37161,0
37162,1
37165,1
37187,0
37188,0
37192,0
37196,0
37197,0
37199,1
37203,0
37210,0
37219,0
37220,0
37221,1
37224,1
37232,1
37234,0
37235,0
37236,0
37238,0
37240,0
37241,0
37252,1
37255,0
37257,1
37261,0
37263,0
37267,0
37273,1
37281,1
37290,0
37293,0
37295,0
37296,1
37299,0
37305,0
37306,0
37307,0
37308,0
37311,0
37313,1
37315,1
37317,0
37318,0
37322,1
37323,0
37326,0
37328,0
37332,0
37333,0
37335,0
37340,0
37342,0
37346,1
37349,1
37352,0
37356,0
37359,1
37360,1
37363,0
37364,0
37365,1
37369,1
37372,0
37382,0
37385,0
37386,1
37388,0
37390,1
37395,0
37397,1
37398,0
37410,1
37413,0
37416,1
37417,0
37418,1
37422,0
37426,1
37436,1
37437,0
37439,0
37443,0
37451,1
37463,0
37467,0
37470,0
37471,1
37480,1
37489,1
37495,1
37496,0
37498,1
37499,0
37510,1
37513,0
37517,0
37518,0
37521,0
37522,0
37527,0
37528,1
37531,0
37534,0
37535,1
37536,0
37540,1
37542,0
37543,0
37556,1
37558,0
37560,0
37566,0
37571,1
37573,0
37578,0
37582,0
37583,1
37598,0
37599,0
37600,0
37604,0
37609,0
37623,1
37624,0
37626,0
37628,0
37629,1
37632,1
37634,1
37638,1
37642,0
37643,0
37648,0
37651,0
37657,1
37658,0
37662,0
37667,0
37670,1
37672,1
37698,0
37701,1
37706,1
37709,0
37713,0
37716,1
37722,1
37725,0
37729,0
37731,0
37739,1
37740,1
37741,1
37745,0
37752,0
37766,0
37768,0
37769,1
37780,1
37783,0
37786,0
37788,1
37791,1
37805,0
37807,0
37808,0
37819,0
37825,0
37828,0
37832,0
37838,0
37841,0
37851,1
37858,0
37860,0
37867,0
37873,0
37882,0
37887,1
37893,0
37898,0
37904,0
37907,1
37913,1
37915,0
37916,1
37917,0
37925,1
37928,0
37932,1
37958,0
37970,0
37975,1
37978,1
37982,1
37988,0
38009,1
38010,0
38011,0
38015,0
38018,0
38021,0
38054,0
38055,1
38061,0
38062,1
38064,0
38068,0
38070,1
38085,0
38098,1
38099,0
38101,1
38110,0
38114,0
38122,0
38127,0
38131,0
38135,0
38139,0
38145,0
38153,0
38156,1
38162,1
38163,0
38167,0
38174,0
38175,0
38176,1
38179,0
38182,0
38185,0
38189,1
38200,0
38206,0
38207,1
38213,0
38215,0
38217,0
38219,0
38223,0
38229,1
38230,1
38231,1
38245,1
38247,1
38248,0
38252,0
38253,0
38255,0
38261,0
38273,1
38281,0
38287,0
38296,0
38305,1
38308,1
38310,0
38312,0
38313,0
38314,0
38315,0
38316,0
38328,1
38338,0
38340,0
38343,0
38348,0
38352,1
38355,0
38365,1
38366,1
38375,0
38378,0
38386,0
38387,0
38396,0
38397,1
38399,1
38404,0
38406,0
38408,0
38413,0
38414,0
38418,1
38424,1
38427,1
38429,0
38436,1
38439,0
38442,0
38444,1
38448,1
38449,1
38451,1
38454,0
38459,1
38472,0
38473,0
38474,1
38475,0
38486,0
38489,0
38496,1
38501,0
38503,1
38504,1
38505,0
38506,0
38516,0
38517,1
38521,1
38524,0
38526,1
38528,1
38538,0
38550,1
38552,0
38555,1
38561,0
38565,0
38577,0
38582,0
38585,0
38606,0
38617,1
38641,1
38646,0
38649,0
38664,0
38670,0
38677,0
38679,0
38691,1
38692,0
38693,0
38708,1
38709,0
38710,0
38711,1
38717,0
38723,0
38725,1
38735,1
38747,0
38748,0
38753,0
38778,1
38780,0
38781,0
38787,0
38798,0
38801,1
38809,0
38810,0
38813,0
38818,0
38840,0
38842,1
38845,1
38848,0
38850,0
38854,1
38855,1
38857,0
38860,1
38861,0
38862,1
38871,0
38878,0
38885,0
38889,0
38890,1
38894,0
38903,0
38904,1
38912,0
38915,0
38917,1
38933,1
38941,0
38952,0
38961,0
38966,0
38967,1
38977,0
38978,1
38985,0
38988,1
38991,0
38993,0
39000,1
39002,0
39004,1
39011,0
39013,0
39017,0
39019,0
39023,0
39026,1
39027,0
39034,1
39036,1
39038,0
39044,0
39053,0
39054,1
39060,1
39062,1
39064,0
39069,0
39073,0
39083,0
39087,1
39089,0
39092,1
39100,0
39102,1
39108,1
39119,0
39127,1
39132,0
39137,0
39142,0
39157,0
39166,1
39170,0
39172,1
39175,0
39176,0
39188,0
39189,0
39192,0
39203,1
39212,1
39214,0
39228,1
39257,0
39268,0
39273,0
39277,0
39278,1
39279,0
39283,0
39285,0
39286,1
39287,0
39290,0
39294,1
39295,1
39308,1
39309,1
39312,0
39315,0
39319,0
39321,0
39330,0
39331,0
39338,1
39348,0
39363,0
39373,1
39378,1
39379,1
39382,1
39383,1
39387,1
39391,0
39400,0
39402,1
39403,0
39405,1
39411,0
39425,0
39444,1
39447,1
39451,0
39453,1
39455,1
39460,1
39466,0
39478,0
39480,1
39484,1
39492,0
39496,0
39497,0
39499,0
39500,0
39507,1
39508,0
39510,0
39514,1
39516,0
39527,1
39528,1
39529,0
39535,0
39536,0
39547,0
39558,0
39565,0
39575,1
39576,0
39578,0
39583,0
39587,0
39588,1
39591,1
39592,1
39594,0
39600,1
39602,0
39606,1
39610,0
39614,1
39624,1
39632,1
39642,0
39647,0
39655,1
39660,0
39661,0
39664,0
39676,0
39687,1
39689,0
39691,0
39708,1
39713,1
39715,1
39716,0
39726,0
39733,0
39735,1
39736,0
39738,0
39740,0
39741,0
39745,0
39759,0
39762,0
39767,0
39768,1
39770,0
39773,0
39779,1
39782,0
39794,1
39802,1
39804,0
39808,1
39810,0
39811,1
39813,0
39815,0
39821,0
39831,1
39843,0
39847,1
39856,0
39862,0
39865,0
39866,0
39868,1
39877,0
39879,1
39887,1
39891,0
39900,0
39907,0
39909,0
39913,0
39917,0
39921,1
39928,0
39930,1
39932,0
39935,0
39946,1
39947,0
39951,0
39953,0
39958,1
39960,0
39974,0
39976,1
39979,0
39981,1
39984,0
40010,0
40012,1
40017,1
40046,0
40055,1
40063,0
40065,0
40082,0
40083,0
40085,1
40086,1
40096,0
40100,0
40102,0
40109,1
40115,0
40116,0
40120,0
40121,0
40135,0
40147,0
40148,0
40149,1
40151,0
40152,1
40154,1
40159,0
40160,0
40164,0
40177,0
40182,0
40189,0
40196,0
40201,0
40207,1
40209,0
40217,0
40222,0
40228,1
40229,0
40231,0
40237,1
40247,0
40251,0
40259,0
40267,0
40274,0
40279,1
40290,0
40293,0
40294,0
40296,1
40297,0
40304,1
40307,1
40309,0
40316,1
40317,1
40326,1
40334,0
40335,0
40341,0
40348,0
40349,1
40353,1
40357,0
40360,1
40370,0
40374,0
40379,1
40383,0
40385,1
40396,1
40400,0
40402,1
40417,1
40421,0
40443,0
40446,0
40456,1
40461,0
40468,0
40469,1
40476,1
40478,0
40482,1
40489,0
40493,1
40499,0
40506,0
40518,0
40527,1
40540,1
40548,0
40551,1
40553,0
40559,0
40565,1
40574,0
40576,0
40581,0
40584,0
40586,0
40594,0
40599,0
40600,0
40602,1
40609,1
40616,1
40621,0
40622,0
40626,0
40628,1
40632,0
40645,0
40646,0
40649,0
40653,0
40660,1
40661,1
40670,1
40674,0
40680,1
40686,1
40691,0
40692,1
40694,0
40699,1
40702,0
40707,1
40710,0
40718,1
40720,0
40724,0
40732,0
40741,0
40742,1
40744,0
40745,1
40750,1
40754,1
40758,1
40762,0
40768,0
40772,0
40778,0
40786,1
40791,0
40792,0
40793,1
40797,0
40806,0
40807,0
40810,0
40814,1
40822,0
40836,1
40841,1
40843,0
40856,0
40857,0
40862,0
40864,0
40874,0
40877,0
40891,0
40893,1
40901,0
40915,1
40929,0
40947,0
40953,1
40956,1
40958,0
40961,1
40968,1
40971,1
40982,0
40986,1
40994,0
41002,1
41009,1
41019,0
41022,1
41023,0
41024,0
41036,0
41039,1
41051,0
41054,0
41070,1
41071,1
41073,0
41075,1
41079,0
41089,0
41093,0
41095,0
41098,0
41099,1
41101,0
41102,1
41105,0
41106,1
41110,1
41111,1
41113,0
41120,0
41122,0
41124,1
41131,1
41132,0
41134,1
41143,0
41144,1
41147,1
41151,0
41158,0
41163,0
41164,0
41166,0
41173,0
41174,0
41181,1
41189,0
41197,1
41202,0
41204,1
41207,0
41209,0
41217,0
41239,0
41242,1
41243,1
41244,0
41254,0
41263,0
41267,0
41271,0
41273,1
41276,0
41283,0
41285,0
41291,1
41292,0
41297,0
41299,1
41303,0
41308,0
41316,1
41325,0
41326,1
41336,0
41349,0
41356,1
41360,1
41375,0
41378,1
41381,0
41393,0
41396,1
41397,1
41398,0
41403,0
41405,0
41407,1
41410,1
41424,1
41428,1
41433,0
41435,1
41441,0
41443,1
41449,0
41454,1
41457,0
41459,0
41463,1
41467,1
41473,1
41475,1
41480,1
41486,0
41488,0
41491,1
41499,0
41501,0
41503,1
41505,0
41509,0
41517,0
41524,0
41525,0
41526,1
41530,0
41531,0
41535,1
41542,0
41544,1
41549,0
41552,0
41553,0
41557,1
41558,0
41567,0
41576,1
41579,0
41585,1
41586,0
41587,1
41589,1
41591,0
41593,1
41598,1
41599,0
41601,0
41604,0
41609,0
41610,0
41612,1
41613,0
41618,1
41626,0
41637,1
41639,0
41642,1
41643,0
41646,1
41658,0
41659,1
41663,0
41666,0
41670,1
41671,1
41672,0
41683,0
41689,1
41692,0
41700,0
41707,0
41709,0
41711,1
41712,0
41719,1
41730,0
41740,0
41741,1
41743,0
41749,0
41751,0
41753,1
41763,0
41774,0
41777,0
41783,0
41784,0
41794,0
41796,0
41798,1
41802,0
41805,0
41811,1
41816,1
41817,1
41821,1
41823,1
41825,1
41831,1
41832,0
41833,0
41836,1
41837,0
41839,0
41846,0
41857,0
41865,0
41873,0
41875,0
41877,0
41897,0
41898,0
41900,0
41902,1
41911,0
41914,1
41918,1
41920,1
41929,0
41937,1
41938,0
41940,0
41941,1
41942,0
41944,1
41948,1
41954,1
41972,0
41974,0
41977,0
41980,1
41994,0
42002,0
42004,1
42012,0
42014,1
42026,0
42032,0
42035,0
42039,0
42048,1
42051,1
42053,0
42077,0
42079,1
42082,0
42091,1
42104,0
42112,0
42125,1
42132,0
42133,0
42136,0
42148,0
42163,0
42164,0
42168,1
42173,1
42174,0
42181,0
42185,1
42186,0
42192,0
42194,0
42200,1
42213,0
42218,1
42219,1
42220,1
42226,1
42227,1
42229,1
42235,0
42241,0
42244,0
42246,1
42249,0
42250,0
42251,1
42252,0
42253,0
42254,1
42259,1
42263,0
42267,0
42274,1
42282,1
42285,1
42289,1
42291,0
42293,1
42295,0
42297,0
42318,0
42330,1
42333,0
42334,0
42335,0
42345,1
42347,1
42348,1
42353,1
42378,1
42379,1
42388,0
42391,0
42398,1
42399,0
42410,0
42411,0
42413,0
42425,0
42433,0
42434,0
42437,1
42441,1
42446,0
42453,0
42458,0
42465,0
42482,0
42484,0
42488,1
42495,1
42499,0
42505,0
42508,1
42509,0
42521,0
42523,0
42526,1
42530,1
42532,0
42536,1
42540,1
42557,0
42558,1
42560,0
42566,1
42568,0
42569,1
42572,1
42576,0
42578,1
42580,1
42581,0
42585,0
42587,1
42591,0
42592,0
42594,1
42598,1
42599,1
42600,1
42603,0
42605,1
42621,1
42622,0
42626,1
42633,1
42637,0
42642,1
42643,0
42644,0
42646,0
42653,0
42654,1
42658,0
42662,1
42664,0
42665,1
42666,0
42668,0
42674,0
42679,0
42681,0
42686,1
42690,0
42691,0
42692,0
42694,0
42708,1
42709,0
42721,1
42726,1
42739,1
42744,1
42752,0
42753,1
42755,1
42758,0
42762,0
42770,0
42771,1
42772,0
42779,1
42780,0
42787,0
42792,0
42799,0
42805,0
42806,1
42809,1
42815,1
42821,0
42837,1
42840,0
42841,1
42842,1
42843,1
42845,1
42868,0
42874,0
42884,1
42886,1
42890,0
42894,1
42906,0
42915,0
42920,1
42923,0
42927,1
42941,0
42952,1
42954,0
42955,1
42958,0
42959,1
42960,1
42962,0
42963,1
42964,0
42967,0
42985,0
42989,1
42990,0
42999,1
43010,1
43012,0
43016,1
43019,0
43021,1
43032,0
43033,0
43034,0
43036,1
43038,1
43041,0
43045,0
43046,0
43050,0
43051,0
43062,0
43063,0
43079,1
43089,0
43090,0
43096,1
43101,1
43105,0
43120,1
43123,1
43131,1
43146,0
43158,0
43159,0
43163,0
43166,1
43172,0
43176,0
43179,1
43180,1
43182,1
43186,0
43188,0
43197,1
43200,1
43212,0
43215,0
43220,0
43225,1
43228,0
43230,0
43233,0
43236,1
43238,0
43239,0
43243,0
43245,1
43246,0
43247,0
43249,0
43253,0
43254,0
43260,0
43268,0
43277,1
43278,1
43279,0
43280,0
43282,0
43286,1
43287,0
43291,1
43299,0
43301,0
43313,0
43319,0
43321,1
43325,0
43327,0
43337,1
43339,0
43345,1
43349,1
43356,0
43362,1
43363,0
43368,1
43371,0
43372,0
43382,0
43388,1
43390,0
43398,0
43399,1
43401,1
43406,1
43416,0
43417,0
43419,0
43420,0
43422,0
43427,1
43436,0
43438,0
43442,1
43444,0
43445,1
43447,0
43452,0
43455,0
43457,0
43471,0
43473,1
43479,0
43489,0
43500,1
43516,0
43531,1
43533,1
43536,1
43539,0
43543,0
43544,1
43546,0
43549,0
43554,1
43561,1
43563,0
43564,0
43574,0
43589,1
43594,1
43597,1
43598,0
43603,1
43608,0
43610,0
43611,0
43613,0
43622,1
43626,0
43631,1
43635,1
43638,0
43643,0
43645,0
43652,0
43667,0
43668,1
43674,0
43676,0
43680,1
43684,0
43688,0
43689,1
43694,1
43696,1
43701,0
43706,0
43720,1
43729,0
43732,0
43735,1
43741,0
43750,0
43751,0
43756,1
43760,1
43765,1
43768,1
43773,0
43775,0
43777,1
43790,1
43794,0
43799,0
43803,0
43806,0
43810,1
43811,1
43816,1
43819,1
43825,0
43828,1
43830,0
43834,0
43839,0
43840,0
43841,0
43842,1
43843,0
43855,0
43857,0
43859,1
43862,0
43883,1
43889,0
43892,1
43894,0
43898,0
43899,1
43900,0
43906,0
43908,0
43917,1
43930,0
43932,1
43941,0
43950,0
43965,0
43967,0
43970,0
43980,1
43981,0
43987,1
43991,1
43992,0
44000,0
44002,0
44016,1
44032,0
44038,1
44040,0
44046,1
44053,1
44054,0
44060,0
44061,0
44069,1
44072,1
44073,1
44085,0
44112,0
44118,0
44131,1
44135,0
44141,0
44143,1
44144,0
44145,0
44148,0
44149,0
44162,0
44164,0
44180,1
44181,0
44194,0
44199,1
44203,0
44206,0
44212,0
44213,1
44220,0
44221,0
44222,1
44237,1
44242,0
44245,1
44250,1
44251,1
44253,0
44258,0
44261,0
44262,0
44263,1
44265,1
44270,0
44271,0
44274,1
44283,0
44292,0
44294,0
44297,0
44301,0
44302,1
44304,1
44306,0
44314,0
44318,1
44322,1
44329,0
44330,0
44335,1
44338,0
44339,1
44345,0
44346,0
44347,0
44349,1
44366,0
44372,0
44392,0
44393,0
44396,1
44397,0
44398,1
44410,0
44422,1
44423,1
44454,1
44461,0
44480,1
44485,1
44490,1
44491,1
44502,0
44503,1
44506,0
44507,1
44511,1
44513,1
44514,1
44524,0
44534,1
44538,0
44542,0
44543,0
44548,0
44553,0
44557,1
44565,1
44570,0
44575,0
44587,0
44593,0
44594,1
44595,0
44603,0
44609,0
44610,0
44616,1
44619,1
44631,1
44632,0
44633,0
44634,0
44641,1
44649,0
44657,0
44665,1
44673,1
44675,0
44677,0
44678,0
44679,0
44686,0
44691,0
44698,0
44699,1
44702,1
44703,1
44708,0
44710,0
44711,0
44719,0
44723,1
44730,0
44735,0
44740,0
44745,0
44760,0
44763,0
44764,0
44768,0
44770,1
44771,1
44791,1
44799,0
44810,1
44813,0
44818,0
44820,1
44826,0
44829,1
44830,0
44831,0
44839,0
44846,0
44854,0
44857,1
44865,0
44877,1
44882,0
44883,1
44892,0
44896,0
44901,0
44902,0
44905,0
44911,1
44912,1
44925,1
44928,1
44933,0
44936,1
44937,1
44942,0
44955,0
44964,0
44970,0
44976,1
44982,0
44986,0
44987,1
44988,0
45001,1
45003,0
45012,0
45017,0
45018,0
45019,0
45022,1
45027,0
45029,0
45032,0
45035,1
45042,1
45043,0
45045,0
45051,0
45054,1
45058,0
45063,0
45064,0
45066,1
45068,1
45074,0
45077,0
45087,1
45091,0
45094,1
45095,0
45099,0
45102,0
45104,0
45106,0
45115,0
45120,0
45123,0
45128,0
45129,0
45137,0
45143,0
45147,1
45152,0
45155,0
45157,1
45169,0
45171,0
45175,1
45177,0
45195,0
45200,0
45206,0
45208,1
45221,0
45224,0
45237,0
45238,1
45240,0
45241,0
45242,1
45245,0
45247,0
45254,0
45258,1
45264,1
45266,1
45289,0
45295,0
45299,0
45315,0
45323,0
45331,0
45338,0
45339,0
45342,0
45349,0
45356,1
45357,0
45359,0
45363,0
45367,0
45368,0
45375,1
45376,0
45381,0
45394,0
45395,1
45396,0
45397,0
45399,0
45404,1
45411,0
45412,1
45413,0
45415,0
45416,0
45426,0
45428,0
45429,0
45436,1
45441,1
45445,1
45450,0
45453,1
45457,1
45461,0
45469,0
45472,0
45476,1
45480,0
45493,0
45494,1
45495,0
45506,0
45509,0
45512,1
45516,1
45517,1
45520,1
45524,0
45538,0
45540,0
45552,1
45556,1
45557,1
45558,0
45562,0
45570,1
45572,0
45591,1
45594,1
45608,0
45615,1
45620,0
45623,0
45627,1
45629,1
45634,1
45643,1
45645,0
45646,1
45647,0
45649,1
45652,0
45653,0
45657,1
45659,0
45661,0
45664,0
45666,1
45670,1
45672,1
45682,0
45691,1
45696,0
45709,0
45713,0
45717,1
45720,1
45724,0
45729,0
45730,0
45747,1
45754,1
45756,0
45757,0
45761,0
45762,0
45768,0
45770,0
45774,0
45775,1
45783,0
45794,0
45795,0
45796,1
45804,0
45806,0
45808,0
45810,0
45823,0
45827,1
45829,1
45842,0
45843,1
45844,0
45846,0
45850,1
45854,1
45863,0
45865,0
45870,1
45881,0
45892,0
45895,1
45901,1
45905,0
45907,0
45920,1
45922,1
45924,1
45925,0
45930,1
45937,0
45938,1
45940,0
45941,1
45942,0
45962,1
45963,0
45966,0
45973,1
45977,1
45990,0
45995,0
46000,0
46017,0
46018,0
46023,1
46029,1
46032,0
46038,1
46042,0
46054,1
46058,0
46059,0
46067,0
46074,0
46076,1
46077,0
46078,0
46082,1
46095,1
46098,0
46099,0
46116,0
46117,1
46118,0
46127,0
46136,0
46139,0
46140,0
46147,0
46159,1
46164,0
46167,0
46176,1
46185,0
46193,0
46196,1
46199,0
46203,0
46209,0
46222,0
46236,1
46237,1
46240,0
46248,0
46254,1
46260,0
46264,1
46275,1
46281,0
46283,0
46287,1
46288,0
46292,0
46295,0
46303,0
46309,0
46312,0
46318,0
46329,0
46336,1
46341,0
46344,0
46347,0
46357,0
46359,1
46360,0
46367,0
46382,0
46384,1
46386,0
46393,0
46398,0
46405,1
46411,1
46415,0
46419,1
46426,0
46428,1
46443,0
46454,0
46457,0
46460,1
46464,0
46465,1
46480,1
46491,0
46496,1
46504,1
46506,0
46509,1
46516,1
46519,0
46536,0
46537,0
46543,1
46547,0
46557,0
46558,0
46564,0
46566,1
46568,0
46573,1
46575,0
46585,1
46587,0
46595,0
46606,1
46607,1
46613,0
46614,0
46618,0
46626,0
46627,1
46635,0
46639,1
46645,0
46646,0
46653,0
46655,0
46662,0
46668,0
46673,0
46674,1
46686,0
46688,1
46705,0
46706,0
46711,1
46712,0
46714,0
46715,0
46723,1
46726,0
46731,1
46741,0
46745,0
46751,0
46752,0
46760,0
46767,0
46770,0
46777,0
46788,0
46790,0
46797,0
46805,0
46806,0
46807,0
46812,0
46817,1
46821,1
46822,0
46827,0
46829,1
46832,1
46840,0
46842,0
46848,0
46849,0
46850,0
46862,0
46865,0
46867,0
46875,0
46878,0
46880,0
46890,0
46894,0
46897,0
46900,0
46905,1
46908,0
46917,1
46921,0
46924,0
46929,1
46937,1
46939,0
46942,1
46943,0
46947,0
46953,1
46959,1
46960,1
46964,0
46966,0
46967,0
46969,0
46971,1
46973,0
46976,0
46987,1
46988,0
46995,0
47003,1
47007,0
47019,1
47024,1
47025,0
47030,0
47031,0
47042,1
47048,1
47061,0
47068,0
47069,0
47071,0
47079,0
47083,0
47086,0
47088,0
47096,0
47127,1
47133,1
47142,1
47143,1
47150,0
47155,0
47162,1
47166,1
47170,1
47174,1
47175,0
47176,0
47178,1
47190,1
47199,0
47205,0
47214,1
47216,0
47217,0
47227,0
47237,0
47250,0
47252,0
47253,1
47260,0
47263,0
47272,1
47273,0
47278,0
47291,0
47295,0
47300,0
47324,0
47325,1
47329,0
47330,0
47331,0
47332,0
47333,1
47334,1
47335,1
47336,1
47338,1
47345,1
47347,1
47348,0
47354,0
47357,0
47373,0
47374,1
47406,0
47415,1
47421,1
47423,0
47432,0
47436,0
47437,0
47439,1
47443,0
47448,1
47453,1
47457,0
47464,0
47473,1
47477,1
47483,1
47484,0
47487,1
47492,1
47510,0
47511,0
47520,0
47521,1
47525,1
47533,0
47538,0
47540,0
47550,0
47551,1
47552,0
47554,0
47557,0
47563,1
47565,0
47566,0
47567,1
47571,0
47574,1
47577,0
47587,1
47590,0
47594,0
47595,0
47599,1
47603,1
47606,0
47611,1
47613,1
47617,0
47620,0
47623,0
47625,0
47629,1
47637,0
47639,0
47642,0
47643,0
47658,0
47661,0
47683,1
47691,1
47701,0
47705,0
47711,0
47714,0
47717,0
47718,0
47721,0
47731,1
47741,0
47742,0
47744,0
47745,0
47746,0
47748,0
47751,0
47756,0
47762,1
47765,1
47766,0
47775,1
47777,0
47778,0
47779,0
47784,1
47786,1
47790,0
47794,1
47797,1
47800,0
47801,0
47814,0
47815,0
47818,1
47819,1
47820,1
47822,0
47824,0
47827,1
47831,0
47832,0
47839,0
47840,1
47847,0
47848,1
47850,0
47864,1
47880,1
47900,1
47901,0
47906,1
47908,0
47910,1
47913,1
47934,1
47935,0
47937,1
47940,0
47941,1
47948,1
47949,0
47958,0
47960,0
47962,0
47964,0
47969,0
47975,1
47984,1
47986,0
47990,1
47993,1
48008,1
48013,0
48014,1
48015,0
48021,0
48024,0
48025,1
48028,0
48032,0
48041,1
48047,1
48056,1
48064,0
48068,1
48075,0
48080,1
48085,1
48086,0
48088,0
48091,0
48092,1
48095,0
48098,0
48106,0
48110,0
48111,1
48113,0
48120,0
48124,1
48136,0
48144,0
48148,0
48153,1
48159,0
48160,0
48161,1
48163,0
48168,1
48172,0
48177,0
48178,0
48188,1
48193,0
48197,1
48205,1
48225,0
48229,0
48232,0
48235,1
48238,0
48248,1
48251,0
48267,0
48268,1
48276,0
48283,0
48285,0
48297,0
48298,1
48301,0
48307,0
48312,1
48328,0
48332,1
48344,0
48355,0
48359,0
48364,1
48369,0
48374,1
48381,0
48392,1
48397,0
48404,1
48412,1
48413,1
48414,0
48416,1
48417,1
48421,0
48434,1
48443,1
48450,0
48455,0
48456,0
48461,0
48465,1
48466,0
48467,1
48468,0
48470,0
48473,0
48482,1
48484,0
48487,0
48491,0
48494,0
48496,1
48503,0
48505,1
48507,0
48508,1
48513,0
48514,1
48515,0
48518,0
48521,0
48522,1
48528,0
48537,0
48541,1
48545,1
48555,0
48568,0
48569,0
48576,1
48586,0
48590,1
48593,0
48606,0
48608,0
48610,1
48612,0
48619,0
48622,0
48632,0
48640,0
48645,0
48648,0
48660,0
48663,0
48666,0
48671,0
48704,1
48711,1
48716,1
48719,0
48721,0
48729,0
48730,1
48736,0
48740,0
48741,0
48747,1
48749,0
48759,1
48768,0
48771,1
48772,0
48773,0
48775,1
48789,0
48790,0
48795,1
48797,0
48815,1
48816,0
48819,0
48822,1
48832,0
48840,1
48842,0
48855,1
48859,1
48861,1
48866,0
48881,0
48883,1
48884,0
48887,0
48890,0
48891,0
48894,1
48902,0
48912,1
48919,0
48921,0
48925,1
48927,1
48932,0
48936,0
48937,1
48939,1
48942,1
48948,0
48950,0
48952,0
48955,1
48961,1
48965,1
48969,1
48973,0
48985,0
48990,1
48993,0
48997,1
48999,0
49005,0
49009,0
49011,0
49020,1
49024,1
49029,1
49043,0
49045,0
49047,0
49061,0
49066,0
49073,0
49077,1
49078,1
49084,1
49087,0
49092,0
49094,0
49099,1
49110,0
49113,0
49134,0
49137,1
49144,0
49145,1
49147,1
49149,0
49151,1
49153,0
49159,0
49163,1
49188,0
49189,1
49191,1
49197,0
49200,0
49201,0
49210,1
49216,0
49230,0
49245,1
49247,0
49254,1
49255,1
49258,0
49259,0
49267,1
49268,1
49271,1
49273,0
49274,1
49276,0
49289,0
49297,1
49300,1
49305,0
49308,1
49312,1
49319,0
49336,1
49338,0
49342,0
49350,1
49357,1
49358,0
49363,1
49365,0
49366,0
49367,0
49368,1
49372,1
49386,1
49390,1
49392,0
49395,1
49399,1
49401,0
49415,0
49425,1
49427,1
49431,0
49437,1
49438,0
49445,1
49449,0
49451,0
49452,0
49461,0
49462,0
49464,1
49471,0
49474,1
49476,1
49478,0
49481,1
49488,0
49490,0
49491,1
49502,0
49504,0
49508,0
49509,1
49512,1
49524,1
49525,0
49526,0
49542,0
49543,0
49554,0
49555,1
49557,0
49560,0
49565,0
49566,0
49568,0
49570,0
49593,0
49595,0
49596,1
49599,1
49610,0
49619,0
49623,0
49630,1
49635,0
49641,0
49642,1
49676,0
49677,0
49681,1
49690,1
49691,1
49693,0
49708,0
49710,1
49711,0
49715,1
49723,0
49725,0
49730,0
49743,0
49746,1
49751,0
49762,1
49770,1
49778,0
49781,0
49786,1
49787,1
49795,0
49799,1
49807,0
49816,0
49820,1
49823,1
49824,0
49828,0
49842,0
49845,0
49865,0
49867,1
49868,0
49873,0
49878,0
49887,0
49894,1
49897,0
49899,0
49904,0
49912,0
49913,0
49914,1
49919,0
49920,0
49931,1
49936,1
49937,0
49940,0
49942,0
49943,0
49944,0
49953,0
49955,0
49957,0
49959,1
49972,1
49975,1
49976,0
49977,0
49985,1
49992,0
49996,1
49997,1
50001,0
50013,0
50017,1
50024,0
50025,0
50033,0
50039,0
50041,1
50049,1
50060,0
50065,1
50067,0
50069,0
50084,1
50085,0
50098,0
50099,1
50104,1
50107,1
50114,0
50118,0
50124,0
50129,0
50138,0
50142,0
50151,0
50153,0
50154,0
50160,0
50166,0
50169,0
50171,0
50172,1
50180,1
50185,1
50187,0
50195,0
50196,1
50200,1
50209,1
50214,1
50217,1
50218,1
50221,1
50230,0
50238,1
50239,1
50240,0
50242,1
50244,1
50252,0
50256,0
50259,0
50261,0
50271,1
50285,1
50287,1
50291,1
50300,0
50313,1
50314,0
50315,1
50320,1
50326,1
50330,0
50333,1
50337,0
50352,0
50357,0
50365,0
50367,0
50369,1
50371,1
50372,0
50373,0
50382,0
50384,0
50387,0
50389,0
50392,0
50395,0
50399,0
50400,0
50408,1
50414,0
50418,1
50420,0
50426,1
50429,1
50432,1
50435,1
50437,0
50449,1
50457,0
50461,0
50464,0
50466,0
50467,0
50470,0
50477,0
50498,1
50503,0
50504,0
50514,0
50515,1
50519,1
50520,0
50521,1
50529,1
50530,0
50534,1
50538,1
50539,0
50545,0
50547,1
50552,0
50553,1
50559,0
50564,1
50568,1
50571,1
50572,1
50585,0
50587,0
50594,1
50596,0
50598,1
50602,1
50607,0
50610,0
50613,1
50616,0
50619,0
50628,0
50629,1
50635,1
50638,1
50639,1
50641,0
50647,0
50657,1
50660,0
50661,0
50663,0
50664,1
50666,1
50672,0
50673,1
50676,0
50684,0
50688,0
50697,0
50706,1
50709,0
50711,1
50724,0
50729,1
50736,1
50738,0
50739,0
50742,1
50745,0
50749,1
50754,1
50755,1
50757,1
50764,0
50770,1
50777,0
50788,0
50799,0
50807,0
50808,0
50812,0
50813,0
50815,0
50845,1
50846,0
50847,0
50848,0
50850,0
50859,0
50861,1
50862,0
50865,0
50866,0
50874,1
50877,0
50880,0
50884,0
50885,0
50886,0
50887,0
50890,0
50899,1
50901,1
50903,0
50912,1
50921,1
50926,1
50928,0
50932,0
50938,0
50943,1
50946,0
50948,0
50963,0
50965,0
50966,1
50968,1
50972,1
50975,1
50987,1
50988,0
50993,1
50998,0
51000,0
51001,0
51004,0
51009,1
51011,0
51014,1
51016,0
51018,0
51019,1
51021,1
51025,0
51029,0
51031,1
51032,0
51038,1
51039,0
51040,1
51041,0
51042,0
51044,1
51050,0
51052,0
51054,1
51055,0
51058,1
51068,0
51074,0
51075,0
51078,0
51080,0
51082,0
51091,0
51102,0
51104,1
51110,1
51117,1
51122,0
51123,1
51124,0
51130,0
51132,0
51135,0
51142,1
51153,0
51163,0
51167,1
51171,0
51172,0
51180,0
51181,1
51186,1
51199,0
51206,1
51219,1
51224,1
51229,0
51232,0
51233,0
51236,0
51247,0
51248,0
51251,0
51254,0
51257,0
51269,1
51272,1
51274,0
51278,0
51282,1
51286,0
51298,0
51301,0
51303,0
51306,0
51307,0
51309,1
51310,1
51314,0
51331,0
51334,0
51336,0
51338,1
51342,0
51344,0
51348,0
51349,0
51359,0
51362,0
51372,1
51381,1
51384,0
51386,0
51394,0
51400,0
51401,0
51402,1
51403,1
51405,0
51406,0
51408,1
51413,1
51425,0
51426,0
51439,0
51440,0
51442,0
51443,0
51446,0
51447,0
51450,0
51476,1
51477,0
51482,1
51493,1
51495,1
51496,1
51507,0
51510,0
51511,1
51512,0
51516,1
51517,0
51518,0
51520,1
51521,1
51522,0
51523,1
51532,0
51534,0
51541,0
51561,0
51569,0
51574,1
51576,0
51585,1
51586,1
51590,0
51601,0
51605,0
51610,0
51612,1
51613,0
51615,0
51618,1
51621,0
51623,0
51625,1
51636,1
51645,0
51653,1
51654,1
51661,0
51666,0
51669,0
51682,0
51687,1
51694,1
51698,1
51699,0
51701,0
51709,1
51723,0
51725,0
51735,0
51737,0
51739,0
51740,0
51745,0
51747,0
51749,0
51756,0
51757,0
51766,0
51767,0
51773,0
51781,0
51788,0
51795,0
51805,0
51812,1
51827,0
51831,1
51847,0
51855,1
51857,0
51863,1
51872,1
51874,0
51878,0
51884,1
51885,0
51886,1
51887,0
51893,0
51897,0
51906,1
51907,1
51909,0
51924,1
51928,1
51931,1
51937,0
51940,0
51942,0
51945,1
51949,1
51951,0
51959,1
51971,0
51972,0
51973,0
51983,1
51984,0
51985,1
51986,1
51991,1
51992,0
51995,1
51997,1
51999,0
52002,0
52008,1
52017,0
52018,0
52019,1
52027,0
52031,0
52034,1
52037,0
52038,0
52041,0
52051,1
52053,0
52069,1
52072,1
52073,0
52080,1
52084,0
52094,1
52102,0
52104,1
52110,1
52114,1
52127,1
52128,1
52134,0
52135,0
52138,0
52140,0
52142,0
52144,0
52146,0
52153,0
52158,0
52171,0
52173,0
52174,0
52183,0
52185,0
52192,1
52193,0
52196,1
52198,0
52199,1
52215,1
52218,0
52228,0
52232,0
52234,0
52241,1
52246,0
52247,0
52250,0
52260,1
52264,1
52266,0
52273,0
52274,1
52277,0
52282,0
52292,0
52294,1
52297,0
52304,0
52306,0
52312,1
52313,1
52332,1
52335,0
52336,1
52338,0
52341,0
52345,0
52354,1
52363,0
52367,0
52370,1
52375,0
52390,1
52391,0
52392,1
52397,1
52401,0
52408,1
52417,0
52418,1
52437,0
52440,0
52441,1
52447,0
52455,0
52456,0
52457,1
52459,0
52480,0
52484,1
52485,1
52486,0
52487,0
52490,0
52496,0
52498,1
52503,1
52504,1
52508,0
52510,0
52512,0
52516,1
52522,0
52531,1
52532,0
52536,0
52549,1
52554,1
52561,1
52567,1
52569,0
52580,1
52584,1
52586,0
52599,0
52600,0
52608,1
52612,0
52614,1
52616,0
52622,1
52629,0
52638,0
52641,1
52645,0
52658,0
52661,0
52664,0
52668,0
52674,1
52677,0
52684,1
52698,0
52701,0
52706,0
52709,1
52710,0
52712,0
52718,0
52727,1
52759,0
52764,1
52766,1
52773,0
52778,0
52790,1
52791,0
52795,0
52800,1
52801,0
52818,1
52821,0
52822,0
52831,1
52832,0
52836,0
52837,1
52843,1
52849,1
52852,0
52859,0
52862,0
52881,0
52887,1
52893,1
52894,0
52895,0
52904,1
52905,1
52907,1
52911,1
52925,1
52926,0
52929,1
52931,0
52935,0
52938,1
52964,0
52966,0
52968,0
52972,1
52976,0
52978,0
52985,0
52987,1
52993,0
52999,1
53001,1
53006,0
53009,1
53011,1
53034,0
53036,0
53037,0
53038,0
53050,0
53054,1
53056,0
53057,0
53067,1
53069,1
53072,0
53082,0
53087,0
53091,1
53098,0
53103,0
53108,0
53115,0
53116,1
53118,0
53121,1
53123,0
53128,1
53130,1
53132,0
53135,0
53140,1
53149,1
53156,1
53159,1
53163,1
53164,1
53166,1
53169,0
53171,0
53175,0
53182,0
53194,0
53200,1
53203,1
53204,0
53214,0
53224,0
53230,0
53238,1
53243,1
53251,1
53254,1
53273,0
53287,1
53292,0
53300,0
53303,1
53306,0
53307,0
53308,0
53315,0
53321,1
53325,0
53338,0
53344,0
53346,0
53349,1
53357,0
53366,0
53369,0
53372,0
53378,0
53384,1
53391,0
53395,1
53401,0
53405,1
53406,0
53410,0
53411,1
53416,1
53421,0
53434,0
53442,1
53447,1
53456,1
53475,0
53482,1
53495,0
53506,0
53513,1
53514,1
53517,1
53522,1
53524,1
53527,1
53531,0
53532,0
53536,1
53538,0
53542,0
53543,1
53546,0
53552,0
53557,0
53565,1
53578,0
53582,0
53583,0
53585,0
53590,1
53595,0
53597,1
53598,0
53601,0
53613,0
53617,0
53619,0
53621,0
53623,1
53625,0
53628,1
53630,0
53637,0
53638,0
53647,0
53648,1
53649,1
53653,1
53661,0
53667,1
53676,0
53686,0
53687,1
53688,0
53689,1
53693,0
53704,0
53706,0
53707,0
53710,0
53713,1
53738,1
53742,0
53744,1
53747,1
53755,0
53757,1
53758,0
53762,0
53763,0
53766,1
53768,1
53770,1
53771,1
53799,1
53803,0
53806,1
53807,0
53808,1
53811,1
53825,0
53826,1
53830,0
53831,1
53835,0
53836,1
53843,0
53848,1
53849,1
53851,0
53859,1
53868,0
53869,0
53871,0
53878,1
53881,0
53887,1
53888,1
53893,1
53897,1
53906,0
53907,1
53914,0
53921,1
53922,0
53923,0
53925,0
53926,1
53933,0
53940,1
53959,0
53960,0
53965,1
53973,1
53978,0
53984,0
53986,0
53990,0
53996,1
54000,1
54006,0
54009,1
54012,0
54016,0
54023,0
54024,0
54027,0
54033,0
54035,0
54050,1
54060,1
54063,0
54066,1
54067,0
54082,0
54084,1
54092,0
54116,1
54117,1
54118,0
54119,1
54126,0
54129,0
54133,0
54136,0
54145,0
54146,1
54155,0
54156,0
54165,0
54169,0
54177,1
54185,0
54194,1
54196,1
54211,0
54212,0
54227,0
54240,0
54254,0
54255,0
54256,0
54266,0
54267,0
54272,0
54292,0
54296,1
54298,0
54299,0
54305,1
54309,0
54315,0
54319,1
54323,0
54331,0
54340,1
54341,0
54350,0
54351,0
54360,1
54367,0
54369,1
54374,0
54379,1
54382,1
54388,1
54395,0
54397,1
54400,1
54412,0
54416,0
54430,1
54432,1
54434,1
54435,1
54441,1
54447,1
54450,1
54462,0
54464,0
54467,1
54473,0
54475,1
54478,0
54487,0
54492,0
54498,1
54502,0
54505,0
54506,1
54507,1
54509,0
54513,1
54524,0
54528,1
54538,0
54545,0
54548,1
54550,0
54558,0
54565,0
54567,0
54573,1
54574,1
54576,0
54584,0
54588,1
54599,1
54601,0
54602,1
54616,0
54621,0
54626,0
54632,0
54639,0
54644,0
54645,0
54647,0
54648,1
54651,0
54654,0
54656,0
54658,0
54666,0
54671,0
54674,0
54681,1
54684,0
54687,0
54690,0
54699,0
54701,1
54706,1
54710,0
54715,0
54716,0
54722,0
54735,0
54754,1
54757,0
54763,1
54782,0
54801,0
54807,1
54819,0
54822,0
54825,0
54835,0
54837,0
54838,1
54844,0
54849,1
54850,1
54853,0
54856,0
54858,1
54870,0
54878,0
54881,0
54887,0
54889,1
54890,0
54892,0
54900,1
54902,0
54904,0
54905,0
54913,0
54914,0
54916,1
54917,0
54920,1
54929,0
54932,0
54934,1
54936,0
54943,0
54952,1
54954,1
54955,1
54965,1
54975,0
54979,0
54980,0
54987,0
54989,0
54990,0
54994,0
55000,0
55004,1
55008,0
55010,0
55011,1
55017,0
55023,0
55034,0
55036,0
55037,0
55039,0
55049,1
55054,0
55055,0
55056,0
55060,0
55066,1
55069,0
55075,0
55076,0
55077,1
55079,1
55085,0
55086,0
55095,0
55111,1
55122,0
55137,0
55140,0
55141,0
55144,0
55146,0
55153,0
55156,0
55168,0
55186,0
55191,1
55199,0
55201,0
55203,0
55210,0
55213,0
55214,0
55220,1
55224,0
55231,0
55233,0
55239,0
55242,0
55243,0
55244,1
55251,0
55256,1
55257,0
55260,1
55274,0
55282,0
55283,1
55296,0
55300,0
55305,0
55309,1
55313,0
55319,1
55324,0
55330,0
55342,0
55343,1
55344,0
55345,0
55346,1
55348,0
55350,0
55357,0
55359,1
55360,1
55363,0
55365,0
55366,0
55372,0
55373,1
55376,0
55381,0
55386,0
55391,0
55394,1
55399,1
55403,0
55407,1
55409,1
55411,1
55430,1
55435,1
55436,1
55442,0
55443,0
55444,0
55445,0
55451,0
55454,1
55456,0
55458,0
55464,0
55465,1
55466,1
55467,0
55470,0
55471,0
55473,1
55479,1
55481,0
55487,1
55489,0
55516,0
55517,0
55534,0
55553,0
55554,0
55569,1
55572,0
55573,0
55591,0
55592,0
55596,1
55603,0
55607,1
55609,0
55621,0
55627,0
55632,1
55633,0
55652,0
55655,0
55663,0
55666,1
55671,1
55673,0
55676,0
55681,0
55683,0
55684,0
55691,1
